,Location,2000,2001,2002,2003,2004,2005,2006,2007,2008,2009,2010,2011,2012,2013,2014,2015,2016,2017,2018,2019
0,Afghanistan,0.41165414,0.41619974,0.42787027,0.44258213,0.4579653,0.47156572,0.48342803,0.4973611,0.50896424,0.52016103,0.5269317,0.53125894,0.53467613,0.53790295,0.54133606,0.54609615,0.56028926,0.57161784,0.5512735,0.5016228
1,Albania,0.42946383,0.43059292,0.43053493,0.43094233,0.4313205,0.43326864,0.43509138,0.4373489,0.43947685,0.44146135,0.4433889,0.4461315,0.4485997,0.45033604,0.45229954,0.45361632,0.45526975,0.4562656,0.457729,0.45906317
2,Algeria,0.36890242,0.37356535,0.37911367,0.3840204,0.39037734,0.39594802,0.40184864,0.40851197,0.4152953,0.42189884,0.42807078,0.43478256,0.44185466,0.4489532,0.45463783,0.4581617,0.46010762,0.46143875,0.46104327,0.46045884
3,Angola,0.35759214,0.3571429,0.35571682,0.35358295,0.35148615,0.34957716,0.34827211,0.34764373,0.34670174,0.3461332,0.34603083,0.34530216,0.34640658,0.346887,0.34680924,0.34726486,0.3488477,0.35089,0.3514158,0.35183445
4,Antigua and Barbuda,0.79153156,0.7917851,0.79265124,0.7931376,0.79419976,0.79476136,0.79473853,0.7948358,0.793675,0.79390717,0.79359305,0.79371804,0.7936412,0.7945714,0.79466397,0.7950589,0.7938888,0.79425055,0.7953509,0.7961891
5,Argentina,0.63760525,0.63983124,0.6443746,0.6511019,0.65817255,0.66489613,0.67277783,0.68071395,0.6884378,0.6945599,0.69780576,0.698644,0.6981154,0.69751376,0.6964522,0.6952997,0.69141644,0.68844455,0.6897728,0.6907437
6,Armenia,0.47453207,0.4753599,0.47791576,0.48043972,0.4820996,0.48458755,0.48618525,0.48817307,0.48923215,0.49103892,0.49354377,0.4954239,0.49804753,0.500642,0.5033817,0.50576025,0.51186806,0.5172653,0.5186575,0.5179576
7,Australia,2.1597087,2.149792,2.1390674,2.127977,2.121128,2.1183321,2.1250904,2.1358392,2.1496694,2.1620252,2.1715448,2.171917,2.1611247,2.1455047,2.1305516,2.1207354,2.1425743,2.173389,2.1828098,2.1747837
8,Austria,0.9477654,0.97117317,1.0064371,1.0439155,1.0740526,1.0876298,1.0835345,1.0731432,1.0602314,1.0488884,1.0443871,1.049894,1.062063,1.0767798,1.0907961,1.1008875,1.1017962,1.096525,1.0841048,1.060424
9,Azerbaijan,0.41974333,0.42016372,0.42014545,0.4209727,0.42217273,0.42282772,0.4247654,0.42653304,0.4291366,0.43130833,0.43322203,0.43408713,0.4355524,0.4367266,0.43858835,0.43930224,0.4429255,0.4462107,0.44718507,0.446128
10,Bahamas,0.9701948,0.97065175,0.97154504,0.9723856,0.97285485,0.9723918,0.9729073,0.9720191,0.97124743,0.970502,0.96897525,0.9678888,0.9654119,0.9627912,0.961347,0.96003217,0.9627203,0.9641571,0.9526086,0.92722636
11,Bahrain,0.40575904,0.40440097,0.4027733,0.4016934,0.40027916,0.39840648,0.39747784,0.39866853,0.39936963,0.40082017,0.40101457,0.4005067,0.39894417,0.39767694,0.39746067,0.3983462,0.40501687,0.41197667,0.4128682,0.4131877
12,Bangladesh,0.30365202,0.30630746,0.3085647,0.31213537,0.3155107,0.3189121,0.32298622,0.327181,0.33204952,0.33599156,0.3394997,0.3431386,0.34699246,0.35049808,0.3532011,0.35551986,0.35787854,0.35878736,0.35891324,0.359953
13,Barbados,1.1273854,1.1264583,1.1246604,1.1231024,1.1215824,1.1197473,1.1192579,1.1190156,1.1174909,1.1153821,1.113377,1.1098336,1.1046062,1.0986134,1.0935518,1.091845,1.0966485,1.1020449,1.0881319,1.0543708
14,Belarus,0.9016484,0.9020845,0.90230566,0.90245855,0.9018838,0.90183735,0.89899415,0.895594,0.8915784,0.88583714,0.8826904,0.8786449,0.8723387,0.8678269,0.86382926,0.85969514,0.8591305,0.8572292,0.8543521,0.8521594
15,Belgium,1.0138042,1.0186882,1.0257536,1.0329117,1.0396588,1.0456146,1.0488333,1.0483357,1.0478184,1.0469468,1.04814,1.0526367,1.0567191,1.0620646,1.0668983,1.0723823,1.0806278,1.0882168,1.0818802,1.0637823
16,Belize,0.91006315,0.9101695,0.91030854,0.91111386,0.9110677,0.91161156,0.91114,0.911087,0.9088587,0.90848464,0.9077629,0.9072802,0.906959,0.90631014,0.90526426,0.904592,0.9056193,0.906227,0.88653535,0.8426973
17,Benin,0.30436492,0.30704185,0.31101716,0.31572276,0.31949177,0.32245514,0.32460275,0.3261301,0.32795426,0.33051798,0.3316523,0.33313316,0.3347271,0.3365869,0.33858243,0.33943343,0.34058544,0.3417895,0.34284526,0.34373558
18,Bhutan,0.33067387,0.3314114,0.3330122,0.3344096,0.33615744,0.3379513,0.34066358,0.34442592,0.3482395,0.35203168,0.35429388,0.3562842,0.35734802,0.3588953,0.3609503,0.36267713,0.3661742,0.36953652,0.36991832,0.36938906
19,Bosnia and Herzegovina,0.31175715,0.31673804,0.32271877,0.32853004,0.33249873,0.33665943,0.33960116,0.34269056,0.34406605,0.3460125,0.34886307,0.35307986,0.36014387,0.36562264,0.3705287,0.3736533,0.3727149,0.37111208,0.37223136,0.37376842
20,Botswana,0.5627423,0.56223154,0.56273824,0.5628448,0.56251407,0.56355876,0.5647122,0.56638867,0.56855196,0.57044154,0.57141364,0.5720305,0.57180166,0.57152635,0.571559,0.5719665,0.5776131,0.5831508,0.58402056,0.5830937
21,Brazil,1.0072995,1.0071186,1.0059574,1.0047804,1.0043633,1.0055258,1.0130504,1.0290444,1.0481721,1.0656462,1.0758771,1.0795022,1.0802344,1.0800235,1.0799793,1.0822264,1.0908618,1.0977494,1.0870949,1.0621611
22,Bulgaria,0.6262406,0.6310649,0.6392609,0.6470915,0.65351,0.6588551,0.6617646,0.6641315,0.665838,0.66774744,0.6692078,0.669484,0.66973263,0.67002577,0.6699509,0.6716178,0.6735768,0.675462,0.6749876,0.6702097
23,Burkina Faso,0.24237056,0.24408585,0.24657024,0.2493329,0.25139257,0.25306496,0.25421464,0.25549495,0.25637347,0.2578274,0.25897345,0.25941288,0.26005512,0.26039013,0.26107514,0.26169202,0.26318127,0.26410663,0.2643573,0.26463023
24,Burundi,0.3345683,0.3338981,0.33361328,0.33354977,0.33317593,0.33318722,0.33329234,0.33392376,0.3344196,0.33479962,0.33446422,0.33428013,0.3329495,0.33156964,0.33079875,0.32971638,0.33011827,0.33117008,0.33144593,0.33145463
25,Cambodia,0.41263407,0.41351357,0.41451088,0.41585264,0.4167584,0.4171439,0.41855332,0.41990718,0.4203816,0.4207397,0.42096877,0.42186767,0.42139935,0.42184308,0.4221691,0.42226243,0.42645428,0.4308661,0.4310942,0.43067652
26,Cameroon,0.39651608,0.40221325,0.4084313,0.41422838,0.41937873,0.42242393,0.4240944,0.42580667,0.42629164,0.42807856,0.42951095,0.4312739,0.43427542,0.43838704,0.44191012,0.44487348,0.4496905,0.45383805,0.45374086,0.45370683
27,Canada,1.8782719,1.89663,1.9179413,1.9424622,1.9684911,1.9947202,2.0406075,2.1145554,2.2004325,2.276427,2.328407,2.360635,2.3881903,2.414432,2.4403033,2.4662344,2.5079608,2.5324626,2.5087106,2.463676
28,Central African Republic,0.36590025,0.36441952,0.3630709,0.36101454,0.35876563,0.35658547,0.35383794,0.35156664,0.3488621,0.34745875,0.3461135,0.3452901,0.3433126,0.34143317,0.3396838,0.3388291,0.3380816,0.33725065,0.3368707,0.33679467
29,Chad,0.2729616,0.2728902,0.27307364,0.2728301,0.27331388,0.2733353,0.27369088,0.274785,0.27538186,0.27624965,0.27647796,0.2777396,0.27821693,0.27969146,0.28093177,0.28168845,0.28343517,0.28604028,0.28689408,0.28669482
30,Chile,0.9860646,0.9921545,1.0000966,1.01062,1.0194155,1.0229684,1.0244491,1.0278802,1.0313985,1.0352695,1.0386351,1.0387436,1.0361873,1.0331297,1.0322957,1.0399861,1.0588785,1.0807512,1.100429,1.1226323
31,China,0.62524,0.6292698,0.64421475,0.6627682,0.6780881,0.68279755,0.6686231,0.6391067,0.6046729,0.5761041,0.5635127,0.56278676,0.56269103,0.5632757,0.56433,0.5657462,0.5986854,0.6342161,0.6392307,0.6417744
32,Colombia,0.82235074,0.82671,0.83345616,0.83918166,0.8444261,0.847893,0.8490168,0.851258,0.85234237,0.85278535,0.8531036,0.85160345,0.8485929,0.84432876,0.8412486,0.8384399,0.8485868,0.8663409,0.871394,0.8702485
33,Comoros,0.32268035,0.32409075,0.32515734,0.32604074,0.32788673,0.3296041,0.33026388,0.33162522,0.33236867,0.33301523,0.33378258,0.33395672,0.33436865,0.33425796,0.3344026,0.33524752,0.33641133,0.3367946,0.33729646,0.33740005
34,Congo,0.41320163,0.41130206,0.4095741,0.40808743,0.40623227,0.40392765,0.40101615,0.39781788,0.39528453,0.3923792,0.3923416,0.39302972,0.3951161,0.39648464,0.39828423,0.40002942,0.39852408,0.39665437,0.3970523,0.39771706
35,Costa Rica,0.5558608,0.5597011,0.56813365,0.5792679,0.5873505,0.59300584,0.5948365,0.59680444,0.5979928,0.5981513,0.59860575,0.5962291,0.59203637,0.587375,0.58372486,0.5827627,0.586254,0.5892973,0.5885879,0.5848473
36,Croatia,0.82161534,0.8289615,0.8393719,0.851569,0.8610348,0.8665523,0.86925924,0.87108374,0.87343115,0.875547,0.87718654,0.87911403,0.8806188,0.8818891,0.8830906,0.88275903,0.85055554,0.81780666,0.8089857,0.79208857
37,Cuba,0.81027144,0.8060156,0.8005943,0.79474247,0.7887654,0.78378284,0.77956873,0.77470887,0.7710217,0.7676298,0.7647199,0.76265866,0.761437,0.7589725,0.7579732,0.7585153,0.76182014,0.7656268,0.7662752,0.7670322
38,Cyprus,0.5536836,0.55871904,0.5634545,0.5684583,0.57184815,0.57390034,0.5737492,0.5727502,0.57120603,0.56891197,0.56695706,0.56573486,0.5665966,0.5670343,0.5680617,0.56932896,0.5713928,0.57456166,0.58944315,0.6172286
39,Czechia,1.1188948,1.1223676,1.1286739,1.1361332,1.1426715,1.1500132,1.1587523,1.16784,1.1789926,1.1899887,1.2009163,1.2110415,1.2202787,1.229503,1.2384682,1.2493141,1.2555588,1.2584746,1.2222558,1.1423259
40,Denmark,0.9702669,0.97710305,0.9843522,0.9926301,0.9995828,1.0041373,1.0091559,1.012619,1.0152941,1.0196729,1.0233576,1.0262996,1.0280992,1.0286824,1.0283781,1.0279243,1.0278897,1.0274354,1.0178962,0.996514
41,Djibouti,0.34630787,0.34796312,0.34976625,0.35164192,0.35222223,0.3529518,0.3533657,0.3542954,0.35450193,0.35576442,0.35662225,0.3566953,0.35741022,0.3578771,0.35778317,0.358873,0.36077327,0.36169425,0.36177772,0.3625193
42,Dominican Republic,0.48412699,0.48615044,0.48916224,0.49278486,0.49607718,0.4985926,0.5016084,0.5052241,0.5086641,0.5113254,0.5146935,0.5171855,0.52017844,0.52302355,0.52488744,0.5271624,0.52997226,0.53276306,0.5601133,0.618317
43,Ecuador,0.57810295,0.58328015,0.5912472,0.59884447,0.60705036,0.6121626,0.6151542,0.6179133,0.62099385,0.62314075,0.62413794,0.6233915,0.6210624,0.6173255,0.6136688,0.6108745,0.6123308,0.61377466,0.61319864,0.61225736
44,Egypt,0.27995658,0.2802483,0.28107625,0.28160214,0.28244117,0.2831404,0.2856155,0.28868163,0.2934338,0.29701898,0.29890063,0.30014718,0.29978824,0.29975635,0.30005956,0.30046746,0.31401822,0.32894874,0.3302523,0.33088663
45,El Salvador,0.35454154,0.35466942,0.35455433,0.35430038,0.35444486,0.3542011,0.3550158,0.3565679,0.3580998,0.35956877,0.36050722,0.3613326,0.36218825,0.36248899,0.36373183,0.3646822,0.36770287,0.36981204,0.365865,0.3538202
46,Equatorial Guinea,0.38986456,0.39224264,0.39390147,0.3951465,0.39541432,0.3959051,0.39584547,0.39444503,0.3935749,0.39358345,0.39433467,0.39661643,0.39909598,0.40235895,0.40548703,0.40864637,0.41451663,0.4192064,0.42144415,0.42221048
47,Eritrea,0.3675844,0.3679012,0.36775053,0.36741146,0.36698183,0.36605203,0.36514732,0.36466947,0.36351365,0.36318642,0.36278158,0.36321604,0.3632519,0.36315477,0.36335444,0.36340332,0.36382636,0.36403254,0.36423102,0.36414477
48,Estonia,1.261358,1.2934605,1.3290447,1.3647763,1.3980467,1.4253776,1.4467595,1.4701263,1.4913886,1.5104166,1.5271176,1.5425098,1.557192,1.5709935,1.5821384,1.5869962,1.5778295,1.5651804,1.5619721,1.5648878
49,Eswatini,0.7126786,0.71271044,0.712068,0.7098542,0.70817727,0.70705163,0.7066603,0.7055456,0.70527804,0.7044826,0.7041394,0.7020392,0.69910246,0.6959372,0.69333845,0.6910886,0.68437546,0.67848647,0.67823994,0.6786168
50,Ethiopia,0.34433115,0.34344998,0.34182793,0.33979973,0.3376308,0.3358668,0.33509526,0.33433685,0.33343273,0.33284387,0.33246878,0.33228195,0.3319708,0.33162102,0.33140323,0.3314412,0.33296493,0.33472794,0.33533898,0.33601356
51,Fiji,0.68396497,0.6838246,0.6840689,0.6845862,0.6836427,0.68366057,0.68316257,0.68303394,0.6833009,0.68310755,0.68251115,0.6807872,0.68044484,0.6795556,0.67937773,0.6791658,0.68166345,0.684976,0.685376,0.68499154
52,Finland,0.80764765,0.81814176,0.8351664,0.85585976,0.87507635,0.89198744,0.9064004,0.9203243,0.9341308,0.9483049,0.9616805,0.97605324,0.99256843,1.0086921,1.0242034,1.0374463,1.0636559,1.085769,1.0709924,1.0291659
53,France,1.0067017,1.017708,1.0386218,1.064304,1.0898739,1.1099557,1.126318,1.1432881,1.1590248,1.1721715,1.1780853,1.174846,1.1635839,1.1517901,1.1438196,1.1461926,1.1712189,1.1942556,1.1769267,1.1303383
54,Gabon,0.47406733,0.46818712,0.46103832,0.45322895,0.44603303,0.44060367,0.43722183,0.43334165,0.430388,0.42818403,0.42696667,0.42603838,0.4262171,0.42537767,0.4257289,0.42536563,0.42505378,0.4247769,0.4250789,0.42526117
55,Gambia,0.33817935,0.3375176,0.3371493,0.33608812,0.33471468,0.33425832,0.33457065,0.33491594,0.33623272,0.33709523,0.3384206,0.33936408,0.3397003,0.3404234,0.34135285,0.34276915,0.34554937,0.34786144,0.34843624,0.34865776
56,Georgia,0.43138754,0.4308805,0.4305383,0.43070647,0.43118325,0.4318013,0.43158406,0.4324021,0.43220636,0.43311578,0.4338092,0.43533182,0.43722534,0.44070908,0.4437757,0.4470722,0.4676695,0.48756015,0.48876953,0.48838934
57,Germany,0.8777406,0.88515973,0.89340186,0.9027684,0.9130175,0.9210852,0.93127066,0.9442643,0.9555981,0.9660145,0.97114223,0.9712523,0.96739054,0.9639175,0.96199256,0.9660942,0.98577046,1.0036552,0.9971621,0.97461987
58,Ghana,0.42927134,0.43777922,0.44651693,0.45453012,0.4613019,0.4664061,0.47103068,0.47453424,0.478262,0.48177484,0.4842426,0.48812214,0.49158612,0.49426392,0.49834,0.50091964,0.50772417,0.5134259,0.5149284,0.5149666
59,Greece,0.5025474,0.5064259,0.51589555,0.52796066,0.540633,0.5521582,0.5655451,0.584117,0.60255796,0.61816484,0.62628275,0.6275919,0.6239299,0.6169951,0.6106884,0.6057322,0.5889173,0.5743253,0.5863216,0.6182273
60,Grenada,0.8613481,0.8614447,0.8627761,0.8640116,0.8650675,0.8650733,0.86409575,0.86318386,0.86265975,0.86188537,0.86130804,0.8644859,0.871426,0.87905276,0.88661367,0.89040965,0.89151704,0.89287364,0.8941285,0.8959639
61,Guatemala,0.40021598,0.3991969,0.3971998,0.3949674,0.3918685,0.39119667,0.3896454,0.38918272,0.38903806,0.3895747,0.39008132,0.39154163,0.39526397,0.3992038,0.40230128,0.40353727,0.39423358,0.3849592,0.37983942,0.36688766
62,Guinea,0.2516358,0.25237668,0.25318357,0.25415254,0.25472328,0.2557362,0.2563641,0.25699905,0.25751272,0.25792086,0.25847828,0.25998658,0.26196283,0.26331574,0.2646228,0.2652322,0.26613837,0.26704073,0.2675866,0.26786983
63,Guinea-Bissau,0.27138653,0.2721389,0.27302483,0.2738413,0.2754305,0.27643764,0.27805018,0.27907667,0.2804835,0.2820368,0.28299168,0.28462094,0.28738394,0.28964564,0.29126292,0.29248697,0.29305938,0.29330906,0.29368505,0.29424188
64,Guyana,0.6515776,0.6523802,0.6540772,0.65431577,0.654037,0.6534315,0.6518941,0.6494924,0.64693916,0.6448288,0.64369226,0.6436471,0.64467376,0.6459206,0.6478106,0.64889747,0.6513891,0.6542604,0.65924126,0.6695687
65,Haiti,0.5895582,0.5902408,0.59085625,0.59198856,0.592794,0.5935962,0.59465647,0.59587264,0.5962906,0.5969401,0.5965998,0.59675676,0.5975432,0.5996265,0.59984994,0.6013977,0.6011761,0.60261947,0.60255474,0.6047046
66,Honduras,0.47791114,0.47756356,0.4766061,0.47684336,0.47620675,0.47635025,0.47696716,0.4773841,0.47866303,0.48013735,0.48084444,0.48279086,0.48496962,0.4862972,0.48789796,0.48804605,0.4876235,0.48765448,0.4873061,0.48707122
67,Hungary,0.601644,0.6095141,0.62519974,0.6437673,0.6616077,0.67440206,0.6843086,0.69464034,0.7033218,0.7091246,0.7122248,0.71102124,0.70389515,0.69580656,0.6878707,0.68565625,0.6896512,0.6953693,0.6869321,0.66598654
68,Iceland,0.89515936,0.9002579,0.90850645,0.91761947,0.9265083,0.93291277,0.9384967,0.94387454,0.94888556,0.95259005,0.95691323,0.96512467,0.97582734,0.9876359,0.9991044,1.0089681,1.013867,1.0184127,1.0173397,1.0127506
69,India,0.43621576,0.4358595,0.43561068,0.43523476,0.43494433,0.43482798,0.4367396,0.44101655,0.44611567,0.45047474,0.45251316,0.45272124,0.4525742,0.4523283,0.4524672,0.4530052,0.47992647,0.50709146,0.5075485,0.50767326
70,Indonesia,0.43050805,0.4301717,0.42978504,0.42935172,0.4288986,0.4287213,0.42891333,0.42940825,0.42997968,0.43055695,0.43064708,0.4300125,0.42884377,0.42748815,0.4265611,0.42605552,0.44420654,0.46235514,0.46289718,0.46212736
71,Iraq,0.4096478,0.4080313,0.40495974,0.40204564,0.39794824,0.39367393,0.39004487,0.3867613,0.383635,0.38018692,0.3771321,0.37476426,0.3734553,0.37033948,0.3677202,0.36402923,0.35666388,0.35112464,0.35109264,0.35234725
72,Ireland,1.1531256,1.1848962,1.2342185,1.2863971,1.3281798,1.3465034,1.3382968,1.3130181,1.2829487,1.2593273,1.2493225,1.249024,1.2490648,1.2505863,1.2541131,1.2590232,1.2650769,1.2687448,1.2570345,1.2269015
73,Israel,0.7052801,0.70788044,0.71158046,0.71497643,0.7183926,0.7228782,0.73070335,0.7438165,0.75856155,0.77234346,0.7805198,0.78484386,0.7874383,0.7903073,0.79280895,0.79568547,0.8077858,0.81906885,0.81338847,0.7973822
74,Italy,1.2090104,1.2106093,1.2223952,1.2379905,1.2509145,1.2536199,1.2492402,1.2439673,1.237591,1.2296044,1.2197285,1.1931524,1.1447223,1.0892051,1.0399675,1.0104123,1.0008309,0.9966875,0.97791207,0.9406238
75,Jamaica,1.0165241,1.0175163,1.0204624,1.0225658,1.0244321,1.025877,1.0256909,1.0247546,1.0247452,1.0239656,1.0232115,1.020257,1.012876,1.0036185,0.9958987,0.9929724,0.9965799,1.0001165,1.0012387,1.0019504
76,Japan,0.7644053,0.765922,0.7673578,0.7687141,0.7699269,0.7712665,0.7726788,0.774415,0.77591985,0.7770014,0.77762717,0.77754736,0.77639496,0.77481353,0.7738668,0.77385557,0.77949095,0.7858877,0.7855745,0.7818802
77,Jordan,0.35439327,0.35423648,0.3541706,0.3544215,0.35507286,0.35727492,0.36058345,0.36664864,0.37386724,0.38109133,0.38651058,0.39120108,0.39501756,0.39828753,0.40285972,0.4072197,0.41595304,0.42309475,0.42326155,0.42208973
78,Kazakhstan,0.78063995,0.7865024,0.7930571,0.79786783,0.8016593,0.80403626,0.8062952,0.8080812,0.8087261,0.8087671,0.8072746,0.8026942,0.79282576,0.781492,0.7708844,0.7636793,0.75959057,0.7567991,0.7565944,0.7575427
79,Kenya,0.26888052,0.26929504,0.269827,0.27044025,0.2710865,0.2714618,0.27642322,0.28833735,0.30189955,0.3137125,0.3185108,0.3180139,0.31713128,0.31591704,0.31489226,0.31464282,0.31762844,0.32090613,0.3216322,0.32205552
80,Kiribati,0.6606078,0.66053855,0.6606642,0.6604161,0.6602219,0.660372,0.66109157,0.6614443,0.6622644,0.66390365,0.66330194,0.6613585,0.6614124,0.661178,0.6602628,0.65911704,0.66143346,0.66408587,0.6642136,0.6635572
81,Kuwait,0.38794184,0.38849172,0.38937324,0.39058477,0.39226484,0.39368236,0.39694396,0.40231857,0.4081214,0.41410452,0.41863513,0.4200037,0.42152062,0.42334247,0.4245673,0.42712432,0.4377154,0.4459242,0.44595194,0.4442278
82,Kyrgyzstan,0.54221165,0.545102,0.54848856,0.55118,0.55372375,0.5543137,0.5537485,0.55284405,0.5519479,0.5502875,0.54890305,0.54589266,0.541119,0.5371605,0.5318934,0.5276287,0.52213293,0.5188365,0.5184445,0.5188259
83,Latvia,1.3521849,1.3578166,1.3687068,1.3786352,1.3849137,1.3848962,1.3625766,1.3170643,1.2617817,1.2143095,1.1871709,1.177932,1.169443,1.1637924,1.160575,1.1612929,1.1689347,1.1794074,1.1828083,1.1780778
84,Lebanon,0.5035602,0.512877,0.52293164,0.53475726,0.54669136,0.5596684,0.5734679,0.5890669,0.60419124,0.62061256,0.63500285,0.649656,0.66466457,0.6797445,0.69228894,0.70140797,0.71800256,0.729953,0.72829205,0.7192378
85,Lesotho,0.5690321,0.5717686,0.5757494,0.57869786,0.58192563,0.58369917,0.58493507,0.5858309,0.5861261,0.5877446,0.58845747,0.5894021,0.5913611,0.59239405,0.5941672,0.59583175,0.5953481,0.5943106,0.59459513,0.59424204
86,Liberia,0.3773693,0.37935373,0.38285604,0.38687742,0.39075154,0.39304513,0.39356723,0.3946924,0.3949438,0.39571455,0.3968335,0.39655185,0.3957122,0.3955562,0.39569896,0.3955672,0.39927658,0.40250957,0.4030665,0.40265366
87,Libya,0.5109151,0.5249718,0.54274225,0.56293875,0.5857921,0.6073377,0.63019425,0.65510184,0.68159807,0.7057773,0.7297086,0.7553927,0.783295,0.80829483,0.8272549,0.835414,0.8325185,0.8289115,0.8276818,0.82676995
88,Lithuania,0.63627005,0.62933546,0.6133763,0.59530354,0.5798955,0.57491565,0.5802702,0.5910859,0.6057459,0.6211443,0.6357549,0.66045225,0.69816446,0.7415928,0.77977496,0.7997397,0.8075005,0.8103438,0.8072534,0.7987705
89,Luxembourg,1.3617648,1.3488282,1.3139709,1.2722635,1.2373048,1.2238927,1.2299911,1.2443653,1.2619035,1.2776755,1.2845879,1.2770838,1.2577499,1.235177,1.2145103,1.2056644,1.2112929,1.2178496,1.2196126,1.2185259
90,Madagascar,0.33719468,0.33904612,0.34090433,0.34393328,0.3455991,0.34634012,0.34653622,0.3458956,0.3450077,0.3442347,0.34347448,0.3423859,0.3397857,0.33725795,0.33580476,0.33554897,0.33603755,0.3364774,0.33666027,0.337326
91,Malawi,0.34518597,0.34533745,0.3445243,0.3430441,0.3433728,0.34272805,0.3422604,0.3421967,0.34262145,0.3416899,0.34175777,0.34215537,0.34174293,0.34157023,0.34130436,0.34216172,0.34301215,0.34451935,0.34440902,0.3443981
92,Malaysia,0.5359306,0.5382623,0.54056954,0.5424269,0.54442924,0.54626036,0.5476344,0.54895604,0.54987055,0.5513107,0.5525915,0.5542227,0.5561979,0.5587888,0.5617499,0.5643277,0.5718292,0.5792184,0.5798024,0.5791889
93,Maldives,0.50202215,0.5026232,0.5021412,0.5024207,0.50256586,0.50397015,0.5065564,0.5096998,0.5128967,0.5168224,0.5191532,0.5211894,0.5226356,0.52416646,0.525451,0.5266156,0.53141606,0.5360329,0.53722984,0.5371211
94,Mali,0.26198095,0.26221097,0.26279148,0.26303598,0.26294816,0.26307413,0.26325428,0.2628391,0.26282838,0.26303086,0.26298526,0.262535,0.26257437,0.26215157,0.26221836,0.26268542,0.26553455,0.26772726,0.2682769,0.2674575
95,Malta,0.89362335,0.9079738,0.91971165,0.9291231,0.9384248,0.94722825,0.95780456,0.9703307,0.9814071,0.9902014,0.9947579,0.9848715,0.9591244,0.92725176,0.9018305,0.89220375,0.93951637,0.984276,0.95525074,0.88049465
96,Mauritania,0.33255884,0.33359626,0.33478746,0.33610785,0.3372092,0.33861548,0.3396548,0.34118018,0.34334362,0.34460226,0.34572494,0.34691626,0.34887105,0.350603,0.35208514,0.35379928,0.35839865,0.3622618,0.36279675,0.36403227
97,Mauritius,0.6659092,0.6658013,0.66636515,0.66671926,0.6666026,0.6671378,0.66672665,0.6673966,0.6668379,0.6673715,0.6674468,0.6669499,0.664793,0.663013,0.66146535,0.6616784,0.66800153,0.67588663,0.6766633,0.6761941
98,Mexico,0.50450456,0.50317395,0.50086015,0.49814576,0.49612677,0.4947935,0.4946883,0.49498507,0.49592558,0.4974735,0.4998101,0.5036318,0.50857323,0.51411295,0.51967776,0.5245501,0.5307518,0.535381,0.53758633,0.540391
99,Mongolia,0.55788743,0.5613127,0.56500226,0.5700156,0.57422817,0.57627684,0.5792053,0.5806979,0.58230567,0.58407867,0.58441126,0.5842462,0.58438045,0.58343154,0.58353287,0.5828592,0.58526677,0.5861411,0.5873201,0.58871627
100,Montenegro,0.58609736,0.5872356,0.5889608,0.59004015,0.59115595,0.5919599,0.59267455,0.5933769,0.5940668,0.5950271,0.59635717,0.59849715,0.6002344,0.6025858,0.60487133,0.6058718,0.60494125,0.6043071,0.60573524,0.60800886
101,Morocco,0.42797804,0.42832786,0.42906535,0.42956403,0.43033433,0.43138278,0.43502507,0.44224274,0.44961858,0.4563562,0.46132913,0.46342808,0.46483016,0.46646446,0.4680664,0.47044462,0.47524738,0.4796434,0.48097098,0.48157403
102,Mozambique,0.33523643,0.3373802,0.33948514,0.34176284,0.34333783,0.3448478,0.3473004,0.34902486,0.35077664,0.35143667,0.35344502,0.3545598,0.35601956,0.35785863,0.35998222,0.3597454,0.36031365,0.36107787,0.3605158,0.36101925
103,Myanmar,0.53464156,0.5334695,0.53207314,0.5294673,0.52758557,0.52435094,0.5212977,0.5172226,0.5138316,0.50999504,0.5075084,0.50605166,0.50563437,0.50490016,0.50480306,0.50446,0.50553066,0.50735605,0.5076037,0.50734913
104,Namibia,0.7427983,0.7423978,0.7418355,0.7399777,0.7370441,0.7336562,0.72998506,0.7236149,0.71582186,0.7080672,0.70292044,0.6976199,0.69236577,0.68728304,0.68325543,0.68228894,0.6901677,0.6978441,0.69694006,0.69511354
105,Nepal,0.37494323,0.37406126,0.37319684,0.37185445,0.37117234,0.37193322,0.37186438,0.37263116,0.37338907,0.37409556,0.37483782,0.3741454,0.3731268,0.37192857,0.37122336,0.3708168,0.374069,0.37761262,0.37766606,0.37723225
106,Netherlands,1.0888146,1.0826583,1.0709894,1.0572952,1.0448289,1.0376004,1.031748,1.0226003,1.0129505,1.0060381,1.0058204,1.0098181,1.0185195,1.0271498,1.0374755,1.0439821,1.0388994,1.0270052,1.0288392,1.0450212
107,New Zealand,1.7259707,1.7379382,1.7516356,1.7650905,1.776764,1.7833943,1.775179,1.7482646,1.7147462,1.6855797,1.6717533,1.6699859,1.668413,1.6684386,1.6674689,1.6665142,1.6615758,1.6556164,1.6593647,1.6629694
108,Nicaragua,0.42067295,0.41620356,0.41005558,0.40266943,0.39579925,0.39139396,0.38760462,0.3854065,0.3837169,0.38233706,0.3805426,0.37875187,0.3761808,0.3742445,0.37226206,0.37181312,0.3740995,0.37674472,0.37045982,0.3556331
109,Niger,0.28380543,0.28638956,0.288522,0.29080194,0.2941987,0.29522187,0.2965427,0.298107,0.2997873,0.30071563,0.30113307,0.30021498,0.2982409,0.29622346,0.2945836,0.29403093,0.29656416,0.2996549,0.299821,0.2993244
110,Nigeria,0.27911174,0.2798742,0.28051707,0.28098986,0.28151017,0.28203875,0.28246045,0.28321487,0.28392556,0.2847046,0.28526288,0.28592572,0.2870495,0.28801033,0.2889593,0.28927904,0.29441556,0.2993836,0.29875222,0.29764336
111,Norway,1.0218383,1.031234,1.0403718,1.0484692,1.0545014,1.0585214,1.0509259,1.0303444,1.0040637,0.98137534,0.97040987,0.9692506,0.9684027,0.9676952,0.9658385,0.96224123,0.9472291,0.93415356,0.942457,0.96567035
112,Oman,0.30636102,0.30696148,0.30906063,0.3125618,0.31451747,0.31687668,0.32006514,0.32545966,0.3309826,0.33547893,0.3386288,0.34135577,0.34327453,0.34417877,0.3454671,0.3468088,0.3544949,0.3614688,0.36210594,0.3613405
113,Pakistan,0.51987964,0.5225704,0.52885514,0.53683364,0.5443979,0.5498077,0.55451536,0.5594483,0.56471395,0.56824553,0.57055944,0.5618745,0.5408231,0.515831,0.49544105,0.486928,0.49374443,0.49974582,0.48326945,0.4450135
114,Panama,0.60751444,0.60761493,0.6073374,0.60840946,0.6088001,0.6097667,0.61019754,0.6102228,0.6109176,0.6109189,0.61150116,0.6121286,0.61343247,0.61454743,0.6164167,0.6175769,0.6209896,0.6250043,0.59927726,0.54062694
115,Papua New Guinea,0.6556356,0.6566415,0.65761113,0.65840286,0.6591557,0.6605308,0.65999305,0.66151196,0.662261,0.66337717,0.6645023,0.66336244,0.663469,0.6634537,0.66344756,0.6642065,0.6677847,0.6710268,0.67226756,0.67173696
116,Paraguay,0.68300945,0.68290406,0.68189394,0.6801835,0.6804563,0.6803723,0.68239176,0.68622965,0.6901799,0.69307756,0.69376767,0.6919079,0.6876328,0.6822072,0.67645353,0.6734326,0.67166185,0.6712713,0.67829186,0.6926059
117,Peru,0.85052294,0.8552997,0.86308736,0.87216926,0.8803856,0.88525474,0.8883388,0.8906744,0.8934239,0.89486986,0.8966638,0.8951948,0.8904757,0.88426214,0.8803891,0.8783283,0.8864942,0.8949489,0.89563346,0.8927397
118,Philippines,0.54205495,0.5373244,0.5319142,0.5266184,0.5225362,0.5209004,0.52093744,0.5212597,0.52182084,0.52207214,0.52209055,0.5218955,0.5215105,0.5210526,0.5209525,0.5214763,0.5256501,0.52990174,0.53086656,0.5310304
119,Poland,0.8137353,0.8152938,0.8158853,0.8159923,0.8161223,0.8171735,0.81836396,0.81969506,0.8213607,0.8231894,0.825109,0.82747316,0.83169395,0.8356505,0.83925414,0.840792,0.832734,0.8250954,0.8127944,0.7855921
120,Portugal,0.70149004,0.7023122,0.7028725,0.7041191,0.705753,0.70689833,0.70585775,0.70563555,0.704053,0.70336694,0.70537406,0.7120091,0.72370344,0.73843867,0.7523634,0.7608569,0.77559745,0.79001415,0.7768744,0.74171394
121,Qatar,0.4239734,0.41510227,0.39554736,0.37347123,0.3545459,0.34858236,0.35339424,0.36278751,0.37290445,0.3823904,0.38814685,0.39113593,0.39287642,0.39517426,0.39727363,0.3997406,0.41021627,0.42039996,0.42020833,0.4182512
122,Romania,0.3320487,0.3338921,0.33511868,0.33699343,0.3374667,0.33790419,0.33825755,0.3377413,0.33695868,0.33633474,0.33576673,0.33505052,0.333982,0.3330486,0.3327366,0.3314874,0.328639,0.3260644,0.3281277,0.33494994
123,Rwanda,0.4189295,0.4188912,0.41941762,0.41999492,0.42087266,0.42150393,0.42195404,0.4233877,0.42429486,0.42504507,0.4256484,0.4261905,0.42646858,0.42605,0.42663234,0.42693043,0.42796874,0.42991275,0.42991295,0.43124884
124,Saint Lucia,1.1549537,1.1550499,1.1556541,1.1556087,1.1554853,1.1559869,1.1567423,1.1577201,1.1578205,1.1584477,1.1589246,1.1591058,1.1589309,1.1593205,1.1592968,1.1592834,1.1629106,1.1667573,1.167477,1.1684153
125,Saint Vincent and the Grenadines,0.88219786,0.88404006,0.8847578,0.88636416,0.887904,0.88758534,0.88601696,0.88262683,0.8790406,0.8767246,0.87471,0.8735139,0.8738294,0.87305117,0.8731214,0.87353146,0.8735409,0.8722596,0.8730366,0.8742453
126,Samoa,0.97167706,0.9712142,0.96959466,0.96795136,0.96705997,0.96608007,0.96472263,0.96491396,0.965242,0.9646991,0.9650493,0.96385795,0.9623603,0.9602107,0.9584024,0.95738673,0.95996886,0.96288705,0.9633157,0.9625263
127,Sao Tome and Principe,0.34912142,0.34614164,0.34100834,0.33420667,0.32877526,0.32568714,0.3249387,0.3248396,0.3252303,0.32544377,0.32640585,0.32718697,0.32875785,0.33003363,0.33224165,0.3342178,0.3376233,0.3415625,0.3419816,0.34223777
128,Saudi Arabia,0.32340395,0.32483098,0.3279305,0.33191782,0.33641854,0.34082776,0.34756595,0.35535175,0.36412036,0.3733352,0.38113716,0.3877382,0.3941645,0.40032688,0.40637568,0.41329005,0.42502663,0.4327064,0.43385446,0.43374044
129,Senegal,0.3369679,0.33602312,0.3354555,0.3336181,0.3319089,0.3299343,0.3283,0.32614294,0.32530218,0.32362884,0.3222516,0.321192,0.32018083,0.3196016,0.31974912,0.319632,0.3218709,0.32408312,0.3246897,0.3252506
130,Serbia,0.40818942,0.40919015,0.40959102,0.40983933,0.40976775,0.41024014,0.41238993,0.41466632,0.41646495,0.41972035,0.4213402,0.42287397,0.42317316,0.42373386,0.424325,0.4246676,0.42601416,0.4263081,0.42917094,0.43238148
131,Seychelles,0.91198826,0.91275144,0.9137162,0.9154012,0.91602623,0.9170298,0.91716117,0.9176123,0.918695,0.91866463,0.91869426,0.9189807,0.9174141,0.9145149,0.9146902,0.91306716,0.92024666,0.9276028,0.926859,0.92705196
132,Sierra Leone,0.34455523,0.34538347,0.34629497,0.34742162,0.34819666,0.348169,0.3483056,0.34793764,0.34752417,0.34675035,0.34642848,0.34699824,0.34647268,0.34700403,0.34694263,0.3478598,0.35220024,0.3556415,0.35686192,0.35667503
133,Singapore,0.76876485,0.76934713,0.7710047,0.7702259,0.7714504,0.7736185,0.7756882,0.7773823,0.7801006,0.78152716,0.7811763,0.7797501,0.77732456,0.77666634,0.77614945,0.77614874,0.77969825,0.7833506,0.78331727,0.7836562
134,Slovakia,0.7871923,0.78078026,0.7681132,0.75287825,0.7394671,0.7352495,0.7358434,0.7383142,0.7402749,0.7427002,0.7435751,0.740395,0.7337604,0.7249111,0.7184486,0.7174401,0.735027,0.7532912,0.74392396,0.7159365
135,Slovenia,0.7810348,0.78713113,0.79162097,0.7958891,0.80023307,0.80664796,0.8178313,0.8333605,0.85229653,0.86827636,0.87656665,0.8802573,0.8818288,0.88309443,0.8837331,0.8864226,0.89241403,0.89717954,0.8660632,0.7923109
136,Solomon Islands,0.7000537,0.6993288,0.6971336,0.6947681,0.69284576,0.6914237,0.6903224,0.6884991,0.68795776,0.68742,0.68708485,0.68636346,0.6861353,0.6850407,0.6839699,0.68412256,0.6890258,0.69298744,0.693116,0.69231856
137,Somalia,0.33348733,0.33390445,0.33354896,0.33326846,0.3329835,0.33282351,0.3324785,0.33304513,0.332561,0.33228034,0.33175912,0.33162653,0.3314223,0.33102462,0.3308414,0.33144507,0.3324972,0.33334613,0.3335304,0.3327519
138,South Africa,1.5478429,1.5374243,1.5237913,1.5076139,1.4877852,1.4630204,1.4289922,1.3841066,1.3334402,1.2818675,1.233447,1.1791271,1.1150858,1.0514673,1.001032,0.97537035,0.96948075,0.9676351,0.9611093,0.948924
139,South Sudan,0.3488697,0.34870127,0.3484375,0.34837925,0.34792882,0.3478971,0.34734213,0.34702075,0.34653112,0.34609902,0.34558257,0.34527257,0.3444002,0.34292218,0.34098065,0.33907393,0.3386969,0.33966208,0.34042206,0.34104508
140,Spain,1.746188,1.7737446,1.8105055,1.8455979,1.8724802,1.882365,1.8351368,1.7222296,1.5870088,1.468647,1.4106116,1.4068869,1.4217411,1.4450319,1.4701585,1.4856766,1.4835215,1.4792094,1.5200566,1.6117269
141,Sri Lanka,0.5991229,0.5986129,0.5973021,0.5955323,0.5943526,0.59345603,0.59226996,0.5900073,0.5877033,0.5849533,0.5830848,0.5813392,0.578524,0.57599264,0.5746617,0.5742496,0.5784632,0.58391845,0.5839533,0.58272815
142,Sudan,0.26463696,0.2659872,0.2671051,0.26917744,0.27095145,0.2734633,0.27613658,0.27988136,0.28405464,0.2889101,0.2936107,0.29735288,0.302064,0.3072868,0.3117582,0.3139958,0.3163937,0.317262,0.31808594,0.31846726
143,Suriname,0.6812083,0.6830347,0.6849601,0.6871176,0.6890998,0.6894802,0.68973935,0.68779963,0.6870645,0.6851315,0.684911,0.68528265,0.6863806,0.6878335,0.68905073,0.69082105,0.68974245,0.6873062,0.6882539,0.68917143
144,Sweden,0.58400965,0.59829974,0.6230491,0.65156347,0.6759345,0.6907205,0.6979908,0.70430094,0.7098443,0.7166841,0.7239897,0.7361003,0.7527069,0.7707302,0.78494686,0.7948829,0.8016553,0.8048047,0.8034414,0.79880434
145,Switzerland,1.602617,1.5959277,1.5822641,1.5660082,1.5491488,1.5345964,1.5186511,1.5013849,1.4830747,1.4706516,1.4656022,1.4662491,1.4677463,1.4698598,1.4720693,1.4739735,1.4781408,1.4812018,1.4465047,1.3668492
146,Tajikistan,0.40786994,0.40826103,0.4088831,0.40959898,0.4101903,0.41053274,0.41035014,0.41110474,0.41132876,0.41170436,0.41163877,0.4112902,0.41045535,0.41030994,0.41031238,0.41064602,0.41527095,0.41882014,0.41930255,0.41837174
147,Thailand,0.8749739,0.8797298,0.88291025,0.8848321,0.8861768,0.8858125,0.877133,0.85739046,0.83268315,0.80792844,0.7971436,0.79950994,0.8029718,0.80773526,0.8131509,0.81753343,0.81344026,0.8098602,0.81035274,0.8121313
148,Togo,0.2361805,0.2396344,0.24410246,0.2485479,0.25251538,0.25551406,0.25816044,0.26071298,0.26334146,0.26516315,0.26752847,0.27037245,0.27442953,0.27784148,0.280318,0.28259486,0.28358254,0.28517672,0.28558624,0.28524545
149,Tonga,0.7634871,0.7649323,0.76656413,0.76866484,0.7709741,0.7727724,0.77394015,0.7751331,0.77542114,0.77566785,0.77644527,0.7762864,0.7750183,0.7739241,0.77337134,0.77324533,0.77776927,0.7830762,0.78368545,0.7837768
150,Trinidad and Tobago,0.7726574,0.77533996,0.77871037,0.78276825,0.78491324,0.78812677,0.78991014,0.7925243,0.7952239,0.7973391,0.7983076,0.7987637,0.79913855,0.7990981,0.79868865,0.79900855,0.7994875,0.7991478,0.79953325,0.79997766
151,Tunisia,0.33166972,0.33622468,0.34240672,0.34837916,0.3554543,0.3620667,0.3696559,0.37825352,0.38648877,0.39424574,0.4024866,0.408891,0.41486466,0.4206246,0.4257969,0.43157613,0.43850166,0.44365326,0.44407746,0.44347027
152,Turkmenistan,0.4807874,0.48253116,0.48421147,0.48557335,0.48628464,0.48797047,0.48999277,0.4919473,0.4938545,0.4954685,0.49760908,0.49897537,0.500732,0.50216335,0.50264853,0.50425553,0.5075815,0.5110325,0.5117041,0.51203513
153,Uganda,0.44955528,0.44998664,0.45150456,0.45266065,0.45233306,0.45293483,0.45310083,0.4533447,0.45364577,0.45418036,0.45423087,0.45379317,0.45248738,0.45106676,0.45046523,0.44949993,0.45243156,0.45516756,0.44569343,0.42428467
154,Ukraine,0.77293843,0.7742801,0.7750658,0.77448803,0.7753674,0.7769785,0.78146416,0.7896206,0.7994682,0.80890435,0.8154015,0.81760395,0.82046473,0.8226883,0.8252198,0.8283432,0.84032196,0.85055363,0.84886086,0.83790344
155,United Arab Emirates,0.61568546,0.62865704,0.64205277,0.6539786,0.66587967,0.6760637,0.68956923,0.70677274,0.7234678,0.73475057,0.7393189,0.74331665,0.7475168,0.74965554,0.7507033,0.7503004,0.7486215,0.7463816,0.7440972,0.739896
156,Uruguay,1.247137,1.2555306,1.2671453,1.2797405,1.2901344,1.2973087,1.300124,1.3044448,1.3081856,1.3098191,1.3110716,1.3046658,1.2901305,1.2717068,1.2528468,1.2420005,1.2404996,1.2410249,1.2398472,1.235375
157,Uzbekistan,0.41570067,0.4181828,0.42132002,0.42428514,0.4269666,0.42969018,0.43186367,0.43354276,0.43645844,0.43795577,0.43940884,0.44042203,0.44245186,0.44304603,0.4447853,0.44556686,0.44691035,0.44914314,0.44968873,0.4494823
158,Vanuatu,0.5763874,0.5759032,0.5759963,0.5750268,0.57475203,0.5751101,0.57496417,0.576009,0.5762154,0.5756089,0.5755071,0.57500494,0.5747391,0.57455444,0.5743077,0.573161,0.57582766,0.5782075,0.5788609,0.57914644
159,Yemen,0.2529067,0.2544458,0.25718394,0.26001266,0.26229078,0.26504716,0.2683446,0.2720406,0.27616394,0.28084376,0.28450507,0.28806847,0.29225945,0.29705763,0.2998707,0.30194286,0.30309287,0.30433697,0.30325547,0.30076113
160,Zambia,0.37348607,0.37033114,0.36765963,0.36517578,0.3628641,0.36196724,0.36199445,0.36168808,0.36158082,0.36211765,0.362343,0.3629616,0.36298358,0.36346397,0.36342713,0.36401024,0.34923983,0.33528063,0.33604938,0.33628803
161,Zimbabwe,0.65518105,0.6493201,0.6419231,0.6347836,0.62739134,0.62129897,0.61677986,0.61126155,0.6071109,0.60318923,0.598884,0.5934858,0.5882897,0.5819689,0.5778398,0.5757803,0.5787549,0.58213305,0.582363,0.5833116
